{"indexes":[{"v":{"$numberInt":"2"},"key":{"_id":{"$numberInt":"1"}},"name":"_id_"},{"v":{"$numberInt":"2"},"key":{"createdAt":{"$numberInt":"1"}},"name":"createdAt_1","background":true},{"v":{"$numberInt":"2"},"key":{"filename":{"$numberInt":"1"}},"name":"filename_1","background":true,"unique":true},{"v":{"$numberInt":"2"},"key":{"sizes.thumbnail.filename":{"$numberInt":"1"}},"name":"sizes.thumbnail.filename_1","background":true},{"v":{"$numberInt":"2"},"key":{"sizes.card.filename":{"$numberInt":"1"}},"name":"sizes.card.filename_1","background":true},{"v":{"$numberInt":"2"},"key":{"sizes.tablet.filename":{"$numberInt":"1"}},"name":"sizes.tablet.filename_1","background":true}],"uuid":"063d2541363a4dbc8b3a811616be7ac4","collectionName":"media","type":"collection"}